"rank","title","authors","year","venue","cited_by","concepts","doi","openalex_id","url","abstract"
"1","An open‐source framework for regional earthquake loss estimation using the city‐scale nonlinear time history analysis","Xinzheng Lu, Frank McKenna, Qingle Cheng et al.","2020","Earthquake Spectra","120","Workflow; Computer science; Earthquake scenario","10.1177/8755293019891724","https://openalex.org/W3005212513","https://doi.org/10.1177/8755293019891724","Regional seismic damage simulation of buildings provides decision‐makers with important information for earthquake disaster prevention and mitigation. Utilizing nonlinear time history analysis using multiple‐degree‐of‐freedom (MDOF) models for buildings, and the next‐generation performance‐based earthquake engineering, an open‐source general‐purpose scientific workflow for seismic damage simulation and loss prediction of urban buildings (referred to as SimCenter Workflow) is presented in this study. To introduce the SimCenter Workflow process in detail and demonstrate its advantages, a seismic damage simulation and loss prediction for 1.8 million buildings in the San Francisco Bay Area were performed using the SimCenter Workflow. The open nature and modularization of the SimCenter Workflow facilitate its extensibility and make it practical for researchers to apply to seismic damage simulations in other regions."
"2","A Machine Learning Framework for Assessing Seismic Hazard Safety of Reinforced Concrete Buildings","Ehsan Harirchian, Vandana Kumari, Kirti Jadhav et al.","2020","Applied Sciences","72","Computer science; Ambient vibration; Retrofitting","10.3390/app10207153","https://openalex.org/W3209648160","https://doi.org/10.3390/app10207153","Although averting a seismic disturbance and its physical, social, and economic disruption is practically impossible, using the advancements in computational science and numerical modeling shall equip humanity to predict its severity, understand the outcomes, and equip for post-disaster management. Many buildings exist amidst the developed metropolitan areas, which are senile and still in service. These buildings were also designed before establishing national seismic codes or without the introduction of construction regulations. In that case, risk reduction is significant for developing alternatives and designing suitable models to enhance the existing structure’s performance. Such models will be able to classify risks and casualties related to possible earthquakes through emergency preparation. Thus, it is crucial to recognize structures that are susceptible to earthquake vibrations and need to be prioritized for retrofitting. However, each building’s behavior under seismic actions cannot be studied through performing structural analysis, as it might be unrealistic because of the rigorous computations, long period, and substantial expenditure. Therefore, it calls for a simple, reliable, and accurate process known as Rapid Visual Screening (RVS), which serves as a primary screening platform, including an optimum number of seismic parameters and predetermined performance damage conditions for structures. In this study, the damage classification technique was studied, and the efficacy of the Machine Learning (ML) method in damage prediction via a Support Vector Machine (SVM) model was explored. The ML model is trained and tested separately on damage data from four different earthquakes, namely Ecuador, Haiti, Nepal, and South Korea. Each dataset consists of varying numbers of input data and eight performance modifiers. Based on the study and the results, the ML model using SVM classifies the given input data into the belonging classes and accomplishes the performance on hazard safety evaluation of buildings."
"3","Empirical seismic vulnerability assessment model of typical urban buildings","Xinyang Liu, Yongsheng Chen, Hongbo Liu et al.","2023","Bulletin of Earthquake Engineering","71","Vulnerability (computing); Vulnerability assessment; Fragility","10.1007/s10518-022-01585-8","https://openalex.org/W4313389216","https://doi.org/10.1007/s10518-022-01585-8",""
"4","Physics-Informed Deep Learning-Based Real-Time Structural Response Prediction Method","Ying Ming Zhou, Shiqiao Meng, Yujie Lou et al.","2023","Engineering","64","Computer science; Structural health monitoring; Autoregressive model","10.1016/j.eng.2023.08.011","https://openalex.org/W4387406425","https://doi.org/10.1016/j.eng.2023.08.011","High-precision and efficient structural response prediction is essential for intelligent disaster prevention and mitigation in building structures, including post-earthquake damage assessment, structural health monitoring, and seismic resilience assessment of buildings. To improve the accuracy and efficiency of structural response prediction, this study proposes a novel physics-informed deep-learning-based real-time structural response prediction method that can predict a large number of nodes in a structure through a data-driven training method and an autoregressive training strategy. The proposed method includes a Phy-Seisformer model that incorporates the physical information of the structure into the model, thereby enabling higher-precision predictions. Experiments were conducted on a four-story masonry structure, an eleven-story reinforced concrete irregular structure, and a twenty-one-story reinforced concrete frame structure to verify the accuracy and efficiency of the proposed method. In addition, the effectiveness of the structure in the Phy-Seisformer model was verified using an ablation study. Furthermore, by conducting a comparative experiment, the impact of the range of seismic wave amplitudes on the prediction accuracy was studied. The experimental results show that the method proposed in this paper can achieve very high accuracy and at least 5000 times faster calculation speed than finite element calculations for different types of building structures."
"5","Empirical seismic vulnerability models for building clusters considering hybrid intensity measures","Xinyang Liu, Paolo Gardoni","2023","Journal of Building Engineering","63","Vulnerability (computing); Vulnerability assessment; Seismic risk","10.1016/j.jobe.2023.106130","https://openalex.org/W4321460730","https://doi.org/10.1016/j.jobe.2023.106130",""
"6","Toward functional recovery performance in the seismic design of modern tall buildings","Carlos Molina Hutt, Anne Hulsey, Preetish Kakoty et al.","2021","Earthquake Spectra","60","Downtime; Engineering; Seismic risk","10.1177/87552930211033620","https://openalex.org/W3198965748","https://doi.org/10.1177/87552930211033620","Current building code requirements for seismic design are primarily intended to minimize life‐safety risks due to structural damage under extreme earthquakes. While tall buildings designed under current standards are expected to achieve the life‐safety goal, this study estimates that they may require up to 7.5 months of repair to return to functionality after a design‐level earthquake (roughly equivalent to ground motion shaking with a 10% probability of exceedance in 50 years), and over 1 year after a risk‐targeted maximum considered earthquake (roughly equivalent to ground motion shaking with a 2%–4% chance of exceedance in 50 years). These long downtimes, which correspond to median predictions, far exceed recovery goals for major employers and other recovery‐critical uses and can have disproportionately harmful effects on businesses and residents. To address such extensive downtime risks, we evaluate the impact of recovery‐based design guidelines for reducing recovery times through (1) more stringent drift limits under expected ground motions and (2) measures to mitigate externalities that impede recovery. The results suggest that by combining these strategies, expected recovery times following a design‐level earthquake can be reduced to roughly 1 month, and to 2 months following a risk‐targeted maximum considered earthquake. These findings are illustrated for an archetype 42‐story reinforced concrete shear wall residential building and a 40‐story steel buckling‐restrained braced frame office building in San Francisco, CA."
"7","Seismic vulnerability modelling of building portfolios using artificial neural networks","Petros Kalakonas, Vítor Silva","2021","Earthquake Engineering & Structural Dynamics","57","Artificial neural network; Earthquake engineering; Probabilistic logic","10.1002/eqe.3567","https://openalex.org/W3208382054","https://doi.org/10.1002/eqe.3567","ABSTRACT The incorporation of machine learning (ML) algorithms in earthquake engineering can improve existing methodologies and enable new frameworks to solve complex problems. In the present study, the use of artificial neural networks (ANNs) for the derivation of seismic vulnerability models for building portfolios is explored. Large sets of ground motion records (GMRs) and structural models representing the building stock in the Balkan region were used to train ANNs for the prediction of structural response, damage and economic loss conditioned on a vector of ground shaking intensity measures. The structural responses and loss ratios (LRs) generated using the neural networks were compared with results based on traditional regression models using scalar intensity measures in terms of efficiency, sufficiency, bias and variability. The results indicate a superior performance of the ANN models over traditional approaches, potentially allowing a greater reliability and accuracy in scenario and probabilistic seismic risk assessment."
"8","Benchmarking the seismic assessment of unreinforced masonry buildings from a blind prediction test","Francesco Parisse, Serena Cattari, Rui Filipe Pedreira Marques et al.","2021","Structures","50","Masonry; Unreinforced masonry building; Benchmark (surveying)","10.1016/j.istruc.2021.01.096","https://openalex.org/W3134093389","https://doi.org/10.1016/j.istruc.2021.01.096",""
"9","Optimized seismic hazard and structural vulnerability model considering macroseismic intensity measures","Xinyang Liu, Paolo Gardoni","2024","Reliability Engineering & System Safety","49","Seismic hazard; Vulnerability (computing); Hazard","10.1016/j.ress.2024.110460","https://openalex.org/W4401871985","https://doi.org/10.1016/j.ress.2024.110460",""
"10","The use of satellite data to support the structural health monitoring in areas affected by slow-moving landslides: a potential application to reinforced concrete buildings","Andrea Miano, Annalisa Mele, Domenico Calcaterra et al.","2021","Structural Health Monitoring","49","Landslide; Interferometric synthetic aperture radar; Reinforced concrete","10.1177/1475921720983232","https://openalex.org/W3124881396","https://doi.org/10.1177/1475921720983232","The building stock around the world is exposed to different types of natural actions such as earthquakes or landslides. In particular, Italy is one of the countries worldwide most affected by landslides. Mitigation of landslide risk is a topic of great interest for the evaluation and management of its consequences. Periodical monitoring of the landslide-induced damage on structures require high costs due to the large number of exposed elements. With respect to the reinforced concrete structures, slow-moving landslides can affect primary structural elements, but more frequently damage occurs on the most vulnerable elements of the structure such as infills. The aim of this work is to demonstrate the potential utility of satellite data derived from a remote sensing technique, known as differential synthetic aperture radar interferometry, to support the structural health monitoring of reinforced concrete buildings affected by landslides. This article shows the structural health monitoring process for a reinforced concrete infilled building within a landslide-affected area, using the differential synthetic aperture radar interferometry data as input for the structural analysis in order to investigate the evolution of damage over the years. Three-dimensional structure, including the explicit infills consideration, has been modeled based on the information available from a visual survey, obtaining the missing parameters from a simulated design process and from the literature. In the field of the civil protection programs for the landslide risk reduction, this methodology can be quickly repeated for large sets of reinforced concrete buildings. Evidence of the visual survey showed a significant damage pattern in some infills. A good agreement has been found between analytical previsions and existing damage. Moreover, a global infills damage assessment of the case study building is proposed. Finally, assuming a constant increase in displacements in future years, a prediction of the future expected damage is shown."
"11","Empirical predictive model for seismic damage and economic losses of Italian school building heritage","Laura Gioiella, Michele Morici, Andrea Dall’Asta","2023","International Journal of Disaster Risk Reduction","32","Christian ministry; Damages; Probabilistic logic","10.1016/j.ijdrr.2023.103631","https://openalex.org/W4324144229","https://doi.org/10.1016/j.ijdrr.2023.103631",""
"12","Structural Characteristics of the Earthquake-Prone Building Stock in Istanbul and Prioritization of Existing Buildings in Terms of Seismic Risk-A Pilot Project Conducted in Istanbul","Hasan Hüseyin Aydoğdu, Cem Demir, Mustafa Cömert et al.","2023","Journal of Earthquake Engineering","27","Seismic risk; Urban seismic risk; Resilience (materials science)","10.1080/13632469.2023.2247481","https://openalex.org/W4386140697","https://doi.org/10.1080/13632469.2023.2247481","Earthquakes have caused catastrophic results in cities since the beginning of settled life, and the cumulative experience of these events has indicated that the lack of seismic resilience brings enormous economic losses and threatens human life. Consequently, the importance of seismic risk mitigation of earthquake-prone structures has arisen to reduce the primary and secondary losses resulting from seismic events in the last decades as developments in the earthquake engineering field occur. The first step for ensuring seismic resilience is the identification of risky buildings, which is a difficult challenge for metropolises like Istanbul since the building stock consists of over a million buildings. Applying code-based detailed assessments to so many buildings is not practical in terms of time and cost. Moreover, the current code-based detailed assessment methodologies such as Provisions for the Seismic Risk Evaluation of Existing Buildings under Urban Renewal Law (2019) and Turkish Building Earthquake Code (2018) provide discrete predictions for existing buildings as either risky or non-risky or satisfying life safety/controlled damage or not. However, a ranking system based on a reliable and realistic risk classification to prioritize the buildings is needed. Therefore, as a pilot project, nearly 23,000 reinforced concrete buildings in 37 different districts of Istanbul have been investigated by Istanbul Metropolitan Municipality (IMM) through PERA2019 performance-based rapid assessment methodology by considering the Design Level and Scenario-Based Earthquake cases. This is the most up-to-date and comprehensive site survey and analysis conducted in Istanbul up to now. In this paper, the characteristics of the building stock in Istanbul based on the conducted site work and the outcomes of the rapid seismic safety assessment efforts are summarized. Then, a discussion on the seismic risk evaluation of the existing residential buildings based on the prioritization of the examined buildings is presented through the results obtained for the Design Level and Scenario-Based Earthquake cases."
"13","Probabilistic urban cascading multi-hazard risk assessment methodology for ground shaking and post-earthquake fires","T. Nishino","2023","Natural Hazards","24","Fragility; Earthquake scenario; Seismic hazard","10.1007/s11069-022-05802-0","https://openalex.org/W4313595879","https://doi.org/10.1007/s11069-022-05802-0","Abstract A probabilistic methodology is presented for assessing cascading multi-hazard risk for ground shaking and post-earthquake fires at a regional scale. The proposed methodology focuses on direct economic losses to buildings caused by the combined effect of ground shaking and post-earthquake fires and evaluates the exceedance probability of the regional shaking–fire losses in a predefined future time period by comprehensively considering the effects of various uncertain factors on the losses via Monte Carlo simulations. Probabilistic seismic risk assessments are extended by integrating post-earthquake fire models with seismic activity models, ground motion prediction equations, and seismic fragility functions. The fire models include post-earthquake ignition models, a weather model, a physics-based urban fire spread model, and a fire brigade response model. This integrated modeling enables the incorporation of the following uncertain factors with causal relationships into the assessments: earthquake occurrence, ground motion intensity distribution, damage to buildings resulting from ground shaking, post-earthquake ignition occurrence and occupant firefighting, weather condition, fire brigade response time including time to detection, and damage to buildings resulting from post-earthquake urban fire spread. To demonstrate the methodology, a realistic case study is conducted for a historical urban area with closely spaced wooden buildings in Kyoto, Japan, focusing on possible large earthquakes along major active faults. Contrary to conventional single-hazard approaches, the results highlight the impact of multi-hazard consideration on risk assessments. This indicates that the methodology can be a useful tool for more appropriately understanding earthquake risk and promoting risk-informed decision-making in urban communities for risk reduction."
"14","Seismic risk model for regional buildings that considers the influence of temperature and intensity measures","Xinyang Liu","2024","Expert Systems with Applications","22","Intensity (physics); Computer science; Seismic risk","10.1016/j.eswa.2024.123962","https://openalex.org/W4394673893","https://doi.org/10.1016/j.eswa.2024.123962",""
"15","M-DEM simulation of seismic pounding between adjacent masonry structures","Daniele Malomo, Matthew J. DeJong","2022","Bulletin of Earthquake Engineering","21","Earthquake shaking table; Unreinforced masonry building; Masonry","10.1007/s10518-022-01545-2","https://openalex.org/W4308404667","https://doi.org/10.1007/s10518-022-01545-2",""
"16","Dynamic sub-surface characteristic and the active faults of the Genç District locating over the Bingöl Seismic Gap of the East Anatolian Fault Zone, Eastern Turkey","Kenan Akbayram, Erdem Bayrak, Eren Pamuk et al.","2022","Natural Hazards","21","Seismology; Bedrock; North Anatolian Fault","10.1007/s11069-022-05414-8","https://openalex.org/W4282960094","https://doi.org/10.1007/s11069-022-05414-8",""
"17","Probabilistic seismic risk analysis models for building portfolios considering ground motion intensities and duration sequences","Xinyang Liu","2025","Reliability Engineering & System Safety","19","Fragility; Incremental Dynamic Analysis; Seismic hazard","10.1016/j.ress.2025.111825","https://openalex.org/W4415555751","https://doi.org/10.1016/j.ress.2025.111825",""
"18","A simplified vulnerability model for the extensive liquefaction risk assessment of buildings","Luca Paolella, Rose Line Spacagna, Gabriele Chiaro et al.","2020","Bulletin of Earthquake Engineering","19","Vulnerability (computing); Natural hazard; Computer science","10.1007/s10518-020-00911-2","https://openalex.org/W3045986470","https://doi.org/10.1007/s10518-020-00911-2",""
"19","Shake-table test on a historical masonry aggregate: prediction and postdiction using an equivalent-frame model","Igor Tomić, Katrin Beyer","2023","Bulletin of Earthquake Engineering","17","Masonry; Earthquake shaking table; Aggregate (composite)","10.1007/s10518-023-01765-0","https://openalex.org/W4386542983","https://doi.org/10.1007/s10518-023-01765-0","Abstract Modeling the seismic response of historical masonry buildings is challenging due to many aleatory and epistemic uncertainties. Additionally, the interaction between structural units further complicates predictions of the seismic behavior of unreinforced masonry aggregates found throughout European city centers. This motivated the experimental campaign on half-scale, double-leaf stone masonry aggregates within the SERA (Seismology and Earthquake Engineering Research Infrastructure Alliance for Europe)—Adjacent Interacting Masonry Structures project. The experimental campaign included a blind prediction competition that provided participants with data on materials, geometry, construction details, and seismic input. After the test, the actual seismic input and all recorded and processed data on accelerations, base-shear, and displacements were shared with participants. Instead of a single analysis for the prediction phase, we performed broader stochastic incremental dynamic analyses to answer whether the common assumptions for aggregate modeling of either fully coupled or completely separated units yield safe predictions of aggregate behavior. We modeled buildings as equivalent frames in OpenSEES using a newly developed macroelement, which captures both in-plane and out-of-plane failure modes. To simulate the interaction between two units, we implemented a new material model and applied it to zero-length elements connecting the units. Our results demonstrate the importance of explicitly modeling the non-linear connection between the units and using probabilistic approaches when evaluating the aggregate response. Although modeling simplifications of the unit interaction and deterministic approaches might produce conservative results in predicted failure peak ground acceleration, we found that these simplified approaches overlook the likely damage and failure modes. Our results further stress the importance of calibrating material parameters with results from equivalent quasi-static cyclic tests and using appropriate damping models."
"20","Artificial intelligence-based damage localization method for building structures using correlation of measured structural responses","Byung Kwan Oh, Woo Chan Jung, Hyo Seon Park","2023","Engineering Applications of Artificial Intelligence","16","Computer science; Structural health monitoring; Identification (biology)","10.1016/j.engappai.2023.106019","https://openalex.org/W4322154369","https://doi.org/10.1016/j.engappai.2023.106019",""
