"rank","score","title","authors","year","venue","cited_by","recency_bump","algo_count","algos_in_abstract","dataset_match","doi","openalex_id","url","oa_url","is_oa","concepts","abstract"
"1","380.8","The heuristic vulnerability model: fragility curves for masonry buildings","Sergio Lagomarsino, Serena Cattari, Daria Ottonelli","2021","Bulletin of Earthquake Engineering","169","1.4","1","fuzzy","False","10.1007/s10518-021-01063-7","https://openalex.org/W3134889465","https://doi.org/10.1007/s10518-021-01063-7","https://link.springer.com/content/pdf/10.1007/s10518-021-01063-7.pdf","True","Fragility; Vulnerability (computing); Context (archaeology); Masonry","Abstract In the framework of seismic risk analyses at large scale, among the available methods for the vulnerability assessment the empirical and expert elicitation based ones still represent one of most widely used options. In fact, despite some drawbacks, they benefit of a direct correlation to the actual seismic behaviour of buildings and they are easy to handle also on huge stocks of buildings. Within this context, the paper illustrates a macroseismic vulnerability model for unreinforced masonry existing buildings that starts from the original proposal of Lagomarsino and Giovinazzi (Bull Earthquake Eng 4(4):445–463, 2006) and has further developed in recent years. The method may be classified as heuristic, in the sense that: (a) it is based on the expertise that is implicit in the European Macroseismic Scale (EMS98), with fuzzy assumptions on the binomial damage distribution; (b) it is calibrated on the observed damage in Italy, available in the database Da.D.O. developed by the Italian Department of Civil Protection (DPC). This approach guarantees a fairly well fitting with actual damage but, at the same time, ensures physically consistent results for both low and high values of the seismic intensity (for which observed data are incomplete or lacking). Moreover, the method provides a coherent distribution between the different damage levels. The valuable data in Da.D.O. allowed significant improvements of the method than its original version. The model has been recently applied in the context of ReLUIS project, funded by the DPC to support the development of Italian Risk Maps. To this aim, the vulnerability model has been applied for deriving fragility curves. This step requires to introduce a correlation law between the Macroseismic Intensity (adopted for the calibration of the model from a wide set of real damage data) and the Peak Ground Acceleration (at present, one of most used instrumental intensity measures); this conversion further increases the potential of the macroseismic method. As presented in the paper, the first applications of the model have produced plausible and consistent results at national scale, both in terms of damage scenarios and total risk (economic loss, consequences to people)."
"2","289.0","Deep Learning in Earthquake Engineering: A Comprehensive Review","Yazhou Xie","2025","ASCE OPEN Multidisciplinary Journal of Civil Engineering","16","5.0","4","ann/mlp; deep learning; cnn; rnn/lstm/gru","False","10.1061/aomjah.aoeng-0080","https://openalex.org/W4414891249","https://doi.org/10.1061/aomjah.aoeng-0080","https://ascelibrary.org/doi/pdf/10.1061/AOMJAH.AOENG-0080","True","Interpretability; Feature engineering; Deep learning; Computer science","This paper surveys the growing interest in utilizing deep learning (DL) as a powerful tool to address challenging problems in earthquake engineering. Despite decades of advancement in domain knowledge, issues such as uncertainty in earthquake occurrence, unpredictable seismic loads, nonlinear structural responses, and community engagement remain difficult to tackle using domain-specific methods. DL offers promising solutions by leveraging its data-driven capacity for nonlinear mapping, sequential data modeling, automatic feature extraction, dimensionality reduction, optimal decision-making, and so on. However, the literature lacks a comprehensive review that systematically covers a consistent scope intersecting DL and earthquake engineering. To bridge this gap, this paper first discusses methodological advances to elucidate various applicable DL techniques, such as multilayer perceptron, convolutional neural network (CNN), recurrent neural network (RNN), generative adversarial network, autoencoder, transfer learning, reinforcement learning (RL), and graph neural network. A thorough research landscape is then disclosed by exploring various DL applications across different research topics, including vision-based seismic damage assessment and structural characterization, seismic demand and damage state prediction, seismic response history prediction, regional seismic risk assessment and community resilience, ground motion (GM) for engineering use, seismic response control, and the inverse problem of system/damage identification. Suitable DL techniques for each research topic are identified, emphasizing the preeminence of CNN for vision-based tasks, RNN for sequential data, RL for community resilience, and unsupervised learning for GM analysis. The paper also discusses opportunities and challenges for leveraging DL in earthquake engineering research and practice, highlighting the need for open-access multimodal big data and efforts to enhance model interpretability and incorporate physics information into DL. Finally, the paper advocates for DL applications to further advance the research frontier of uncertainty quantification in performance-based earthquake engineering."
"3","260.0","Physics-Informed Deep Learning-Based Real-Time Structural Response Prediction Method","Ying Ming Zhou, Shiqiao Meng, Yujie Lou et al.","2023","Engineering","64","2.5","1","physics-informed nn","False","10.1016/j.eng.2023.08.011","https://openalex.org/W4387406425","https://doi.org/10.1016/j.eng.2023.08.011","https://doi.org/10.1016/j.eng.2023.08.011","True","Computer science; Structural health monitoring; Autoregressive model; Masonry","High-precision and efficient structural response prediction is essential for intelligent disaster prevention and mitigation in building structures, including post-earthquake damage assessment, structural health monitoring, and seismic resilience assessment of buildings. To improve the accuracy and efficiency of structural response prediction, this study proposes a novel physics-informed deep-learning-based real-time structural response prediction method that can predict a large number of nodes in a structure through a data-driven training method and an autoregressive training strategy. The proposed method includes a Phy-Seisformer model that incorporates the physical information of the structure into the model, thereby enabling higher-precision predictions. Experiments were conducted on a four-story masonry structure, an eleven-story reinforced concrete irregular structure, and a twenty-one-story reinforced concrete frame structure to verify the accuracy and efficiency of the proposed method. In addition, the effectiveness of the structure in the Phy-Seisformer model was verified using an ablation study. Furthermore, by conducting a comparative experiment, the impact of the range of seismic wave amplitudes on the prediction accuracy was studied. The experimental results show that the method proposed in this paper can achieve very high accuracy and at least 5000 times faster calculation speed than finite element calculations for different types of building structures."
"4","223.2","Integrated model for earthquake risk assessment using neural network and analytic hierarchy process: Aceh province, Indonesia","Ratiranjan Jena, Biswajeet Pradhan, Ghassan Beydoun et al.","2019","Geoscience Frontiers","154","0.9","1","ann/mlp","False","10.1016/j.gsf.2019.07.006","https://openalex.org/W2963351669","https://doi.org/10.1016/j.gsf.2019.07.006","https://ars.els-cdn.com/content/image/1-s2.0-S167498711930132X-fx1_lrg.jpg","True","Analytic hierarchy process; Vulnerability (computing); Geography; Hazard","Catastrophic natural hazards, such as earthquake, pose serious threats to properties and human lives in urban areas. Therefore, earthquake risk assessment (ERA) is indispensable in disaster management. ERA is an integration of the extent of probability and vulnerability of assets. This study develops an integrated model by using the artificial neural network–analytic hierarchy process (ANN–AHP) model for constructing the ERA map. The aim of the study is to quantify urban population risk that may be caused by impending earthquakes. The model is applied to the city of Banda Aceh in Indonesia, a seismically active zone of Aceh province frequently affected by devastating earthquakes. ANN is used for probability mapping, whereas AHP is used to assess urban vulnerability after the hazard map is created with the aid of earthquake intensity variation thematic layering. The risk map is subsequently created by combining the probability, hazard, and vulnerability maps. Then, the risk levels of various zones are obtained. The validation process reveals that the proposed model can map the earthquake probability based on historical events with an accuracy of 84%. Furthermore, results show that the central and southeastern regions of the city have moderate to very high risk classifications, whereas the other parts of the city fall under low to very low earthquake risk classifications. The findings of this research are useful for government agencies and decision makers, particularly in estimating risk dimensions in urban areas and for the future studies to project the preparedness strategies for Banda Aceh."
"5","207.0","Rapid Assessment of Seismic Risk for Railway Bridges Based on Machine Learning","Yong Huang, Jing He, Zhihui Zhu","2023","International Journal of Structural Stability and Dynamics","17","2.5","6","random forest; svm; ann/mlp; knn; backpropagation; rf","False","10.1142/s0219455424500561","https://openalex.org/W4380077510","https://doi.org/10.1142/s0219455424500561","","False","Seismic risk; Support vector machine; Bridge (graph theory); Random forest","When an earthquake occurs, railway bridges will suffer from different degrees of seismic damage, and it is necessary to assess the seismic risk of bridges. Unfortunately, the majority of studies were done on highway bridges without taking into account railway bridge characteristics; hence they are not applicable to railway bridges. Furthermore, current research methods for risk assessment cannot be performed quickly, and suffer from the problems of subjective personal experience, complicated calculations, and time-consuming. This paper we use machine learning for earthquake damage prediction and empirical vulnerability curves to represent risk assessment results, creating a rapid risk assessment procedure. We gathered and tallied seismic damage data from 335 railway bridges that were damaged in the Tangshan and Menyuan earthquakes, found six variables that had a substantial impact on seismic risk outcomes, and categorized the damage levels into five categories. It is essentially a multi-classification and prediction problem. In order to solve this problem, four algorithms were tested: Random Forest (RF) Back Propagation Artiifcial Neural Network (BP-ANN), PSO-Support Vector Machine (PSO-SVM), and K Nearest Neighbor (KNN). It was found that RF is the most effective method, with an accuracy rate of up to 93.31% for the training set and 89.39% for the test set. Then this study describes the new procedure in detail for rapidly assessing seismic risk to 269 bridges chosen at random from the sample pool. Firstly, the seismic damage data of bridges are collated, then the seismic damage rating is predicted using RF, and finally the empirical vulnerability curve is drawn using a two-parameter normal distribution function for the purpose of seismic damage risk assessment. The study’s findings can be used as a guide for choosing a machine learning approach and its inputs to build a rapid assessment model for railway bridges."
"6","185.92","Automated building characterization for seismic risk assessment using street-level imagery and deep learning","Patrick Aravena Pelizari, Christian M. Geiß, Paula Aguirre et al.","2021","ISPRS Journal of Photogrammetry and Remote Sensing","82","1.4","1","cnn","False","10.1016/j.isprsjprs.2021.07.004","https://openalex.org/W3200384228","https://doi.org/10.1016/j.isprsjprs.2021.07.004","https://doi.org/10.1016/j.isprsjprs.2021.07.004","True","Workflow; Convolutional neural network; Computer science; Seismic risk","Accurate seismic risk modeling requires knowledge of key structural characteristics of buildings. However, to date, the collection of such data is highly expensive in terms of labor, time and money and thus prohibitive for a spatially continuous large-area monitoring. This study quantitatively evaluates the potential of an automated and thus more efficient collection of vulnerability-related structural building characteristics based on Deep Convolutional Neural Networks (DCNNs) and street-level imagery such as provided by Google Street View. The proposed approach involves a tailored hierarchical categorization workflow to structure the highly heterogeneous street-level imagery in an application-oriented fashion. Thereupon, we use state-of-the-art DCNNs to explore the automated inference of Seismic Building Structural Types. These reflect the main-load bearing structure of a building, and thus its resistance to seismic forces. Additionally, we assess the independent retrieval of two key building structural parameters, i.e., the material of the lateral-load-resisting system and building height to investigate the applicability for a more generic structural characterization of buildings. Experimental results obtained for the earthquake-prone Chilean capital Santiago show accuracies beyond κ = 0.81 for all addressed classification tasks. This underlines the potential of the proposed methodology for an efficient in-situ data collection on large spatial scales with the purpose of risk assessments related to earthquakes, but also other natural hazards (e.g., tsunamis, or floods)."
"7","171.36","A Machine Learning Approach for Structural Health Monitoring Using Noisy Data Sets","Ahmed Ibrahim, Ahmed M. Eltawil, Yunsu Na et al.","2019","IEEE Transactions on Automation Science and Engineering","67","0.9","3","svm; cnn; knn","False","10.1109/tase.2019.2950958","https://openalex.org/W2993105312","https://doi.org/10.1109/tase.2019.2950958","","False","Accelerometer; Machine learning; Computer science; Artificial intelligence","Continuous structural health monitoring of civil infrastructure can be achieved by deploying an Internet of Things network of distributed acceleration sensors in buildings to capture floor movement. Postdisaster damage levels can be computed based on the peak relative floor displacement as specified in government standards. This article uses machine learning approaches to identify the status of buildings postevent based on accelerometer traces. Prior work in the field assumed the use of high-quality accelerometers for displacement estimation. In this article, we focus on using lower quality and cheaper accelerometers, while accounting for noise effects by incorporating noisy data sets in machine learning approaches for classification. A labeled acceleration data set of buildings response to earthquakes was created, where each sample is labeled with its corresponding damage severity. Sensor noise is included in the data set to model nonideal sensors. Classification performance of machine learning algorithms, such as support vector machine, K-nearest neighbor, and convolutional neural network, is presented. Techniques for addressing noise levels are proposed, and the results are compared with regular noise cancellation techniques that adopt high-pass filtering. Note to Practitioners-This article presents a methodology for automatic estimation of buildings status in the aftermath of a natural disaster, such as an earthquake. It focuses on using low-cost inertial sensors, such as accelerometers, to sense buildings' vibrations and then applying machine learning algorithms to detect damage. Utilizing the convolutional network approach, the proposed methods detect the building damage state with high accuracy. Since this article focuses on using cheap sensors, the cost of deploying a sensor network to monitor buildings is reduced significantly. Deploying this network enables rescue and reconnaissance teams to have a clear view of the most vulnerable structures."
"8","138.6","A data‐driven framework for near real‐time and robust damage diagnosis of building structures","Seyed Omid Sajedi, Xiao Ping Liang","2019","Structural Control and Health Monitoring","69","0.9","2","svm; bayesian","False","10.1002/stc.2488","https://openalex.org/W2998158911","https://doi.org/10.1002/stc.2488","","False","Robustness (evolution); Computer science; Data mining; Structural health monitoring","Rapid condition monitoring of structural health is essential for post-earthquake safety assessment. Therefore, information about damage after extreme events could be of great value in resilient communities. This paper proposes a robust framework for the identification of the existence, probable location, and severity of damage using cumulative intensity-based damage features. Taken into account the seismic hazard uncertainties and the undesirable consequences of misclassification in data-driven methods, an objective function based on the confusion score matrix is optimized. This process can enhance the reliability of the prediction model in terms of two conflicting criteria, namely, the general accuracy and conservativeness. Support vector machines are utilized for the task of damage classification where Bayesian optimization is used to select the proper damage-sensitive input features and hyperparameters. A three-story reinforced concrete (RC) moment frame is designed and modeled in OpenSees to examine the performance of the proposed framework. For this purpose, 5,400 incrementally scaled nonlinear time history analyses are conducted considering 180 ground motions. Two different approaches are introduced to distort signals to simulate measurement noise. The robustness of models is also investigated with respect to different objective functions. Furthermore, in an independent experimental case study, the framework is evaluated on a dataset obtained from 44 shake table trials on a three-story RC frame with masonry infill. Given the results obtained from the two case studies, it is shown that the proposed framework is capable of robust and reliable identification of damage in near real-time whereas the concepts of hazard uncertainty and misclassification consequences are properly considered."
"9","138.6","A decision‐tree‐based algorithm for identifying the extent of structural damage in braced‐frame buildings","Mojtaba Salkhordeh, Masoud Mirtaheri, Siavash Soroushian","2021","Structural Control and Health Monitoring","44","1.4","2","decision tree; bayesian","False","10.1002/stc.2825","https://openalex.org/W3192893113","https://doi.org/10.1002/stc.2825","","False","Structural health monitoring; Decision tree; Braced frame; Structural engineering","Rapid health assessment of essential buildings such as hospitals, fire stations, and large residential complexes is crucial after damaging earthquakes. The use of advanced technologies such as wireless sensors, learning algorithms, and signal processing methods became more attractive in such fast applications due to their higher reliabilities and efficiencies compared to the conventional visual inspection methods. This paper presents a robust post-earthquake damage detection framework for predicting the extent and location of damage occurrence in the braced-frame structures after an earthquake. To do so, features derived from acceleration response of the structure were used along with a classification learner to determine the health condition of the structure. Decision tree classifiers are used for the purpose of damage classification where the Bayesian optimization algorithm is implemented to optimize the architecture of the mentioned classifier. A one-story chevron steel-braced frame, a three-story X-braced steel-frame, and a five-story three-dimensional building are considered to validate the proposed method. The total number of 3774 and 1887 nonlinear response history analyses were respectively performed for 2D and 3D numerical models under scaled SAC motions, using the OpenSees simulation platform. Furthermore, in order to simulate the field condition, a maximum level of 10% white Gaussian noise is added to the output signals. Results obtained from the three case studies show that the proposed framework is robust and reliable in predicting the extent of damage level in the braced-frame structures in a short time after an earthquake."
"10","132.0","Pre‐ and post‐earthquake regional loss assessment using deep learning","Taeyong Kim, Junho Song, Oh‐Sung Kwon","2020","Earthquake Engineering & Structural Dynamics","74","1.1","1","deep learning","False","10.1002/eqe.3258","https://openalex.org/W3008799350","https://doi.org/10.1002/eqe.3258","","False","Vulnerability (computing); Computer science; Seismic hazard; Seismic risk","Summary As urban systems become more highly sophisticated and interdependent, their vulnerability to earthquake events exhibits a significant level of uncertainties. Thus, community‐level seismic risk assessments are indispensable to facilitate decision making for effective hazard mitigation and disaster responses. To this end, new frameworks for pre‐ and post‐earthquake regional loss assessments are proposed using deep learning methods. First, to improve the accuracy of the response prediction of individual structures during the pre‐earthquake loss assessment, a widely used nonlinear static procedure is replaced by the recently developed probabilistic deep neural network model. The variabilities of the nonlinear responses of a structural system given the seismic intensity can be quantified during the loss assessment process. Second, to facilitate near‐real‐time post‐earthquake loss assessments, an adaptive algorithm, which identifies the optimal number and locations of sensors in a given urban area, is proposed. Using a deep neural network that estimates area‐wide structural damage given the spatial distribution of the seismic intensity levels as a surrogate model, the algorithm adaptively places additional sensors at property lots at which errors from surrogate estimations of the structural damage are the greatest. Note that the surrogate model is constructed before earthquake events using simulated datasets. To test and demonstrate the proposed frameworks, the paper introduces thorough numerical investigations of two hypothetical urban communities. The proposed frameworks using the deep learning methods are expected to make critical advances in pre‐ and post‐earthquake regional loss assessments."
"11","129.92","Seismic vulnerability modelling of building portfolios using artificial neural networks","Petros Kalakonas, Vítor Silva","2021","Earthquake Engineering & Structural Dynamics","57","1.4","1","ann/mlp","False","10.1002/eqe.3567","https://openalex.org/W3208382054","https://doi.org/10.1002/eqe.3567","","False","Artificial neural network; Earthquake engineering; Probabilistic logic; Ground motion","ABSTRACT The incorporation of machine learning (ML) algorithms in earthquake engineering can improve existing methodologies and enable new frameworks to solve complex problems. In the present study, the use of artificial neural networks (ANNs) for the derivation of seismic vulnerability models for building portfolios is explored. Large sets of ground motion records (GMRs) and structural models representing the building stock in the Balkan region were used to train ANNs for the prediction of structural response, damage and economic loss conditioned on a vector of ground shaking intensity measures. The structural responses and loss ratios (LRs) generated using the neural networks were compared with results based on traditional regression models using scalar intensity measures in terms of efficiency, sufficiency, bias and variability. The results indicate a superior performance of the ANN models over traditional approaches, potentially allowing a greater reliability and accuracy in scenario and probabilistic seismic risk assessment."
"12","128.48","A Machine Learning Framework for Assessing Seismic Hazard Safety of Reinforced Concrete Buildings","Ehsan Harirchian, Vandana Kumari, Kirti Jadhav et al.","2020","Applied Sciences","72","1.1","1","svm","False","10.3390/app10207153","https://openalex.org/W3209648160","https://doi.org/10.3390/app10207153","https://doi.org/10.3390/app10207153","True","Computer science; Ambient vibration; Retrofitting; Seismic risk","Although averting a seismic disturbance and its physical, social, and economic disruption is practically impossible, using the advancements in computational science and numerical modeling shall equip humanity to predict its severity, understand the outcomes, and equip for post-disaster management. Many buildings exist amidst the developed metropolitan areas, which are senile and still in service. These buildings were also designed before establishing national seismic codes or without the introduction of construction regulations. In that case, risk reduction is significant for developing alternatives and designing suitable models to enhance the existing structure’s performance. Such models will be able to classify risks and casualties related to possible earthquakes through emergency preparation. Thus, it is crucial to recognize structures that are susceptible to earthquake vibrations and need to be prioritized for retrofitting. However, each building’s behavior under seismic actions cannot be studied through performing structural analysis, as it might be unrealistic because of the rigorous computations, long period, and substantial expenditure. Therefore, it calls for a simple, reliable, and accurate process known as Rapid Visual Screening (RVS), which serves as a primary screening platform, including an optimum number of seismic parameters and predetermined performance damage conditions for structures. In this study, the damage classification technique was studied, and the efficacy of the Machine Learning (ML) method in damage prediction via a Support Vector Machine (SVM) model was explored. The ML model is trained and tested separately on damage data from four different earthquakes, namely Ecuador, Haiti, Nepal, and South Korea. Each dataset consists of varying numbers of input data and eight performance modifiers. Based on the study and the results, the ML model using SVM classifies the given input data into the belonging classes and accomplishes the performance on hazard safety evaluation of buildings."
"13","106.68","A novel approach to assess the seismic performance of deteriorated bridge structures by employing UAV‐based damage detection","Sungsik Yoon, Billie F. Spencer, Sangmok Lee et al.","2022","Structural Control and Health Monitoring","35","1.8","1","cnn","True","10.1002/stc.2964","https://openalex.org/W4220847526","https://doi.org/10.1002/stc.2964","https://onlinelibrary.wiley.com/doi/pdfdirect/10.1002/stc.2964","True","Bridge (graph theory); Pier; Structural engineering; Structural health monitoring","All civil infrastructure, including bridges, deteriorates over time. Unmanned aerial vehicle (UAV) based visual inspection of bridges has been proposed to assess the condition of bridges. However, existing methods cannot determine the seismic performance of bridges based on the results of UAV-based visual inspection. In this study, a novel approach is proposed to assess the seismic performance of deteriorated bridges with the results of UAV-based damage detection. The proposed approach consists of two phases: (i) the damage detection phase using a UAV and (ii) the seismic performance assessment phase. The images obtained from UAV survey are used to conduct condition assessment for the bridge, based on a previously developed region-based convolutional neural network (R-CNN), and the damage grade is assigned. Note that here damage includes both seismic damage and deterioration. Subsequently, the finite element (FE) model of the intact bridge is updated to correspond to the assigned damage index. To demonstrate the proposed approach, an in-service prestressed concrete box-girder bridge is investigated. In particular, the seismic response of the deteriorated bridge is assessed based on a comparison with the intact bridge responses; focus is placed on the maximum moment and maximum displacement at the pier and the girder. Predictions indicate that the seismic responses of the deteriorated in-service bridge are 10% poorer than those of the intact bridge. These results demonstrate the potential for the UAV-based approach for evaluating the seismic performance of deteriorated bridges."
"14","103.0","Seismic Damage Assessment of RC Structures After the 2015 Gorkha, Nepal, Earthquake Using Gradient Boosting Classifiers","Murat Göçer, Hakan Erdoğan, Baki Öztürk et al.","2025","Buildings","4","5.0","5","xgboost; lightgbm; gradient boosting; ensemble; boosting","True","10.3390/buildings15193577","https://openalex.org/W4414902154","https://doi.org/10.3390/buildings15193577","https://www.mdpi.com/2075-5309/15/19/3577/pdf?version=1759558642","True","Boosting (machine learning); Oversampling; Generalizability theory; Gradient boosting","Accurate prediction of earthquake—induced building damage is essential for timely disaster response and effective risk mitigation. This study explores a machine learning (ML)-based classification approach using data from the 2015 Gorkha, Nepal earthquake, with a specific focus on reinforced concrete (RC) structures. The original dataset from the 2015 Nepal earthquake contained 762,094 building entries across 127 variables describing structural, functional, and contextual characteristics. Three ensemble ML modelsGradient Boosting Machine (GBM), Extreme Gradient Boosting (XGBoost), and Light Gradient Boosting Machine (LightGBM) were trained and tested on both the full dataset and a filtered RC-only subset. Two target variables were considered: a three-class variable (damage_class) and the original five-level damage grade (damage_grade). To address class imbalance, oversampling and undersampling techniques were applied, and model performance was evaluated using accuracy and F1 scores. The results showed that LightGBM consistently outperformed the other models, especially when oversampling was applied. For the RC dataset, LightGBM achieved up to 98% accuracy for damage_class and 93% accuracy for damage_grade, along with high F1 scores ranging between 0.84 and 1.00 across all classes. Feature importance analysis revealed that structural characteristics such as building area, age, and height were the most influential predictors of damage. These findings highlight the value of building-type-specific modeling combined with class balancing techniques to improve the reliability and generalizability of ML-based earthquake damage prediction."
"15","102.5","EESD special issue: AI and data‐driven methods in earthquake engineering – (Part 2)","Xinzheng Lu, Henry V. Burton","2023","Earthquake Engineering & Structural Dynamics","4","2.5","12","random forest; svm; ann/mlp; deep learning; cnn; rnn/lstm/gru; decision tree; knn; transformer; gaussian process; bayesian; stacked","False","10.1002/eqe.3974","https://openalex.org/W4384407444","https://doi.org/10.1002/eqe.3974","https://onlinelibrary.wiley.com/doi/pdfdirect/10.1002/eqe.3974","True","Earthquake engineering; Seismology; Geology; Engineering","Artificial intelligence (AI) has become increasingly important in earthquake engineering research, as it offers new possibilities for understanding, predicting, and mitigating the effects of earthquakes and related hazards. In the coming years, there will be continued research in AI-informed earthquake engineering that is focusing on ground motion modeling, geotechnical engineering, structural analysis, seismic design, health monitoring, multi-hazard assessment, and other areas, to enhance the safety and resilience of buildings and infrastructure. This is Part 2 of the special issue, whose topics include geotechnical engineering, structural analysis, design, health monitoring, damage evaluation, and seismic risk assessment. The first three articles in the Part 2 issue examine the application of AI and data-driven methods to geotechnical earthquake engineering. Hudson, Ulmer, Zimmaro, Kramer, Stewart, and Brandenberg propose an automated method for discretizing soil layers in cone penetration test (CPT) profiles using unsupervised machine learning (ML). The method aims to overcome the limitations of manual approaches that heavily rely on the analyst's experience and subjective judgment, which may lead to unrealistic results. Automated layer detection is achieved using a combination of agglomerative clustering and two cost functions to identify the optimal number of layers. The proposed algorithm is tested using 272 CPT profiles from the next generation liquefaction (NGL) database and is currently being used to develop liquefaction triggering and manifestation models. The results indicate that the proposed method has the potential to eliminate the bias induced by engineers. In spite of this, the authors recommend that the results from the automated detection be visually reviewed to ensure their validity. The paper by Hu, Xiong, Zhang, and Wang develops an approach to enhance the prediction accuracy of Bayesian network (BN) models used to evaluate earthquake-induced liquefaction settlement. The study deals with a specific limitation in existing BN models that require discretization of continuous variables, which limits predictions to categorical outcomes or ranges of settlement values. The authors address this challenge by proposing a hybrid approach that integrates domain knowledge with the hill-climbing algorithm in the formulation of a continuous BN regression model. The required conditional probability distributions of the parameters that define the BN model are computed based on historical liquefaction-induced settlement data and a Gaussian process learner. Using five-fold cross-validation, the authors show that the continuous BN model provides better generalization performance compared to previous approaches including those that employ the discrete BN classification strategy, simplified estimators such as the Tokimatsu–Seed and Ishihara–Yoshimine methods as well as an artificial neural network (ANN) model. Zhang, Ayello, Honegger, Bozorgnia, and Taciroglu develop an ML -based approach to predict the seismic response of fault-crossing natural gas pipelines, with the aim of improving the efficiency of time-consuming simulations. The study used the results from 217K nonlinear finite element analyses (FEA) for training and testing. Regression models based on ANNs are used as surrogate models for prediction. The input features cover various combinations of soil, structure, and fault attributes, and the output variable is the pipeline response under fault rupture displacement. The results from a case study indicated that the ANN method performs well, with the coefficient of determination R2 > 0.95. Based on the trained model and 14.5 million Monte Carlo-generated inputs, a large number of response predictions are obtained, forming a dataset that supplemented the missing input-output points in the 217K FEAs and improved the prediction accuracy. The following four articles aim to apply AI and data-driven methods to the advancement of structural seismic design and evaluation. Note that five more articles were published in Part 1 regarding the application to seismic design and analysis. Issa, Silva-Lopez, Baker, and Burton formulate an ML based optimization framework to support resilience-based design. More pointedly, an ML-driven surrogate model is used to capture the highly nonlinear relationship between the set of input variables used in the design and the building recovery performance. The surrogate model uses 43 design-related features as inputs and generates recovery time predictions, enabling (i) rapid estimation of recovery performance under a range of user-defined improvements, and (ii) implementation of complex and informative optimization techniques. The results from an application to a 3-story steel moment resisting frame office building showed that the surrogate model had a high prediction accuracy with the coefficient of determination R2 > 0.99, and reduced the computation time from 300 to 0.0002 s, further supporting the evaluation of the relationship between nonstructural and structural improvement strategies on recovery-based design. Liao, Wang, Fei, Huang, Xie, and Lu developed a physics-rule-co-guided self-supervised generative adversarial network (GAN) for determining the layout and mechanical properties of seismic isolation bearings. The self-supervised GAN addresses the limited availability of isolation design information that is needed to develop data-driven models. Four models comprise the intelligent design model including a physics estimator, rule evaluator, discriminator, and design generator. A deep neural network (DNN)-based surrogate model that predicts the response of the isolator is at the core of the physics estimator. A tensor operation-based loss calculator serves as the rule evaluator by ensuring that the design parameters are specified in accordance with the governing code or standard. The physics estimator and rule evaluator work together to guide the learning process of a GAN model without requiring ground truth data. A series of case studies were conducted using varying seismic intensities and building geometries. The results showed that the GAN design was consistent with the engineers’ design and was approximately 60 times more efficient than traditional engineering methods. A critical aspect of the design and performance assessment of base-isolated structures is ensuring that the axial pressure and shear deformation of the rubber bearings are within reasonable limits. Unlike pressure studies which consider the two loading mechanisms individually, the paper by Zeng, He, and Pan considers the coupling effect of axial pressure and shear deformation. Specifically, the authors develop a DNN to simultaneously detect the axial pressure and shear deformation in the rubber bearing of base isolators. Named pressure and deformation neural network (P&D-Net), the proposed model integrates wavelet packet decomposition with a fully connected neural network. The data set used to train the P&D-Net was derived from a series of full-scale physical tests performed on smart rubber bearings. By implementing a series of data-driven experiments, the study showed that the ability to accurately detect the axial pressure in the bearing is strongly influenced by the shear deformation and vice versa, thus highlighting the importance of considering the interaction between the two mechanisms. Furthermore, compared to a prior method which only used wave-let packets, the P&D-Net significantly improved the predictive performance. Guan and Burton formulate a computationally efficient method for performing collapse fragility assessment of building structures using the collaborative filtering (CF) technique. The CF-based collapse performance assessment procedure reduces the number of explicit simulations when conducting incremental dynamic analyses. The method randomly selects and runs a subset of the required nonlinear response history analyses (NRHAs) and uses CF to estimate the structural performance of the omitted cases. The results estimated by the CF are combined with that of the explicit NRHAs to obtain the corresponding fragility curves. The proposed method is applied to three archetype steel moment frame structures, and the results showed that the CF-based approach could reduce the required NTRAs by up to 50% while providing reliable collapse fragility estimates. Further, a series of sensitivity analyses showed that the method is robust to variations in key input parameters and the record-set used in the analyses. The following three articles apply AI and data-driven methods to advancing monitoring technologies for evaluating the behavior and performance of building structures. Note that four more articles on this sub-topic were published in Part 1. Eltouny and Liang present an uncertainty-aware early warning system that is specifically designed to avoid deep learning model mistakes and can provide near real-time structural health monitoring (SHM). The system utilizes a deep composite encoder-decoder network that combines elements from convolutional neural networks, recurrent neural networks, and variational inference to provide damage index distributions. The framework can detect anomalies in the structural system during seismic events and provide a measure of uncertainty that can be used to question the model's predictions. They apply their proposal to three real structures, two of which suffered damage during the 1994 Northridge earthquake. The framework is able to send a warning whenever damage is present. The results of the case study show that the number of warning signals sent correlates well with actual damage. In a comparative study, the proposed method is superior to two recently developed variational autoencoder (VAE)-based damage detection methods. Long-term SHM systems for large structures are known to suffer from data loss which reduces the reliability of near-real-time performance assessments. The paper by Zheng, Li, Li and Hao [Correction added on 2nd of August 2023, replaced author from Chou, Liu and Chang to Zheng, Li, Li and Hao.] implements a transformer-based GAN to reconstruct response measurements that are lost in SHM systems. Within the GAN, a multi-level wavelet-based discriminator is used to determine the degree of realism in the spectra of the reconstructed signals that are produced by the generator. The response reconstruction model was evaluated on two bridges at very different scales (pedestrian bridge and long-span vehicular traffic bridge), both equipped with SHM systems. The performance of the model was evaluated by establishing a relationship between the number of lost SHM channels and the response reconstruction error. For the pedestrian bridge, the error in the reconstructed response was limited to less than 25% even when five of the six channels were lost. When applied to the vehicular traffic bridge, the GAN limited the response reconstruction error to less than 30% despite losing half of the 16 channels that comprised the SHM system. Wang, Xu, Jing, Cui, Zhang, and Li formulated a deep learning model to automatically classify post-earthquake building damage from optical remote sensing images. Recognizing that several prior studies have developed image-based earthquake-induced building damage assessment models, the authors introduce a unique loss function that combines geometric consistency constraints (GCCs) with cross-entropy (CE). The GCC-CE-based loss function enhances the segmentation capability of the image classification model for buildings with complex geometries while providing superior overall performance at multiple scales. The GCC loss was designed to measure split line lengths, curvature, and area which facilitated more precise extraction of the complex geometries in damaged buildings. Compared to image-based damage detection models developed only using CE loss, the GCC-CE model reduced the duration of the training process which provided more accurate predictions. In terms of prediction accuracy, the GCC-CE-based loss model achieved the highest mean intersection over the union (mIoU) (86.98%). The specific improvements in segmentation capabilities include more reliable recognition of edge closures, removal of internal, and reduction of both false-positive and false-negative predictions. The last five articles apply AI and data-driven methods to seismic risk assessment at the regional scale and post-earthquake damage assessment of building structures. Kang, Kim, Kwon, and Song propose two frameworks for regional seismic loss assessment based on DNNs to extend the applicability of engineering demand parameter (EDP) residual estimation and improve its accuracy. The first framework estimates the EDP residuals of buildings by combining the EDP residuals of various single-degree-of-freedom (SDOF) systems through modal combination rules. Three DNN models are constructed to predict the EDP residuals of SDOF systems. The second framework predicts the EDP residuals of buildings directly using the two DNN models. The accuracy of the two DNN-based frameworks is tested by comparing the results to those obtained from explicit response history analysis and the regression-based models. The numerical example demonstrated the importance of considering EDP residual correlation and the successful performance of the proposed frameworks in regional seismic loss assessment. Li, Farrar, and Yang develop a deep generative learning framework that achieves efficient regional seismic risk assessment. The method constructs input–output surrogate models of regional seismic risk by learning the underlying complex relation between earthquake source parameters and site-specific infrastructure performance at many locations from data. The learned deep surrogate models directly output the ground motion intensity map and the risk map of a region given the earthquake source parameters, circumventing the massive amounts of computation and data access that would be needed for site-specific assessments. They validate the presented framework on the bridge network risk assessment using simulated scenario earthquakes in the San Francisco Bay Area. They observe that the deep surrogate models perform well without the need for data access to locations and structures and are time-efficient (approximately 0.015 s). Galvis, Hulsey, Baker, and Deierlein presented a methodology to identify and evaluate relevant damage indicators that can be quantitatively related to safety thresholds using numerical simulations of damage. Ideally, these indicators should be insensitive to variability in the structural materials and model parameters. As such, the damage indicators are selected based on their reliability in estimating structural safety and the sensitivity to modeling uncertainty. The safety threshold for each damage indicator is selected to maximize accuracy in post-earthquake building assessments. The methodology is demonstrated through an application study of ductile reinforced concrete frame buildings. Results show that aggregated indices of structural component damage (e.g., aggregated over the floor of a building) have a level of accuracy of approximately 80% and outperform other damage indicators based on peak or residual drifts or simpler percentages of damaged components. It is noted that the methodology can be applied to a wider variety of structures to improve post-earthquake evaluation guidelines. Ahmed, Mangalathu, and Jeon proposed a stacked long short-term memory network to consider the influence of ground motion and structural characteristics on post-earthquake building damage assessment. Unlike previous studies, acceleration history and the number of stories are utilized to generalize the results for the same plan building frames with different numbers of stories. Three different approaches are presented in this work to link the ground motion history with the number of stories (2, 4, 8, 12, and 20 stories) in a reinforced concrete building frame, and the networks were tested using unseen ground motions. Of the three tested approaches, those providing good results were selected for further analysis. For the approaches chosen, the network architectures were changed to a diamond shape and an autoencoder-like shape with more hidden units (to obtain higher accuracy), which were tested on frames with unseen plan layouts. The adopted approaches produced high predictive accuracy (80%−90%) and low training time. The proposed model shows superior performance relative to previously developed techniques. Bhatta and Dang perform ML-based seismic damage prediction of RC buildings, while considering both seismic and structural parameters. The paper first evaluates the feasibility of using ML techniques such as K-nearest neighbor, random forest, decision tree, support vector machine, and ANN to rapidly predict earthquake-induced reinforced concrete building damage considering both the structural properties and ground motion characteristics. Then, the ML models are trained using the simulation results. Due to a lack of real earthquake damage datasets, most prior related studies utilized simulation data to develop ML-based earthquake damage prediction models. In contrast, this study uses real earthquake damage data for RC buildings collected after the 2015 Nepal Earthquake. An overall accuracy of more than 62% is obtained for the test set. The study demonstrates that ML algorithms are capable of rapidly predicting the seismic damage of reinforced concrete buildings with reasonable accuracy. Based on the 28 articles published in Part 1 and Part 2 of the special issue and a review of the broader literature, we present the following brief outlook on how AI can be further integrated into earthquake engineering research and practice: It is expected that there will be an increased focus on developing hybrid models that combine physics-based simulations with AI-based approaches to improve the accuracy of ground motion prediction models while reducing computational costs. AI-based methods will also continue to improve our understanding of geotechnical earthquake engineering such as soil-structure interaction and liquefaction potential. AI-infused structural analysis and performance assessment models will be trained on increasingly larger and more generalizable datasets and used to predict structural response, damage, and collapse, and develop optimal retrofit schemes and smart materials. AI has the potential to revolutionize SHM by providing real-time assessment of buildings and infrastructure during and after earthquakes. Additionally, AI-based methods will be implemented to evaluate the combined effects of earthquakes and other hazards, such as tsunamis, landslides, and floods, by modeling their complex interactions and impacts on the built environment. It is noteworthy that Generative AI, or AI Generated Content (AIGC), offers numerous opportunities to revolutionize many fields, including earthquake engineering. For example, AIGC can automate the generation of structural layout designs that use appropriate materials and maintain desired performance levels under earthquake loading. Additionally, AIGC can facilitate rapid digital prototyping by automatically populating design spaces and identifying the solution(s) that minimizes cost and environmental impacts while achieving the desired performance objectives. The integration of AI into earthquake engineering is poised to transform the field, enabling more accurate predictions, innovative designs, and enhanced infrastructure resilience to seismic hazards. However, as AI techniques continue to develop, researchers and practitioners must collaborate closely to ensure the successful implementation of these methods. It is through this collaboration that the full potential of AI will be leveraged to mitigate the risks associated with earthquakes and related hazards. The guest editors would like to thank Masayoshi Nakashima, the Executive Editor, for his leadership of the journal and the support and guidance provided for this Special Issue. Additionally, the overwhelming response of the earthquake engineering research community to the call for papers as part of this special issue is acknowledged. Finally, this issue, as well as all refereed journals, would not be possible without the diligent reviews provided by peers within the earthquake engineering community. As such, the guest editors wish to thank the individuals that participated in the review process."
"16","89.76","Empirical seismic fragility models for Nepalese school buildings","Nicola Giordano, Flavia De Luca, Anastasios G. Sextos et al.","2020","Natural Hazards","50","1.1","1","bayesian","False","10.1007/s11069-020-04312-1","https://openalex.org/W3089164170","https://doi.org/10.1007/s11069-020-04312-1","https://link.springer.com/content/pdf/10.1007/s11069-020-04312-1.pdf","True","Fragility; Natural hazard; Vulnerability (computing); Seismic risk","Abstract Empirical vulnerability models are fundamental tools to assess the impact of future earthquakes on urban settlements and communities. Generally, they consist of sets of fragility curves that are derived from georeferenced post-earthquake damage data. Following the 2015 Nepal earthquake sequence, the World Bank, through the Global Program for Safer Schools, conducted a Structural Integrity and Damage Assessment (SIDA) of about 18,000 school buildings in the earthquake-affected area. In this work, the database is utilized to identify the main structural characteristics of the Nepalese school building stock. For the first time, extended SIDA school damage data is processed to derive fragility curves for the main structural typologies. Data sets for each structural typology are used for a Bayesian updating of existing fragilities to obtain regional models for Nepalese schools. These fragility estimates can be adopted to assess potential seismic losses of the school infrastructure in Nepal. Additionally, they can be used for calibrating loss assessment studies in the wider Himalayan region where the structural typologies are similar."
"17","84.0","Uncertainty‐aware structural damage warning system using deep variational composite neural networks","Kareem Eltouny, Xiao Ping Liang","2023","Earthquake Engineering & Structural Dynamics","11","2.5","3","deep learning; cnn; rnn/lstm/gru","False","10.1002/eqe.3892","https://openalex.org/W4366823201","https://doi.org/10.1002/eqe.3892","","False","Structural health monitoring; Warning system; Computer science; Deep learning","Abstract Structural health monitoring (SHM) is, without a doubt, one of the most important assets for building resilient communities. The vast and rapidly advancing research in data science and machine learning has provided researchers in the civil engineering community with various tools that can facilitate the processing of significant amounts of gathered data. However, deep learning models are prone to mistakes, and with the catastrophic consequences that can happen due to damage misidentification, damage diagnosis models’ predictions should not be taken for granted. In this study, we present an uncertainty‐aware early‐warning system that can provide near real‐time SHM. The system utilizes a deep composite encoder‐decoder network that combines elements from convolutional neural networks, recurrent neural networks, and variational inference (VI) to provide damage index distributions. The framework can detect anomalies in the structural system during seismic events and provide a measure of uncertainty that can be used to question the model's predictions. To assess the system's validity and practicality, we apply our proposal to three real structures, two of which suffered damage during the 1994 Northridge earthquake. We found that the early warning system delivers an accurate, yet cautious, continuous monitoring that is capable of sending warning signals when damage occurs in the course of seismic events. Source code is available at: https://github.com/keltouny/VSCAN ."
"18","84.0","A Machine Learning Framework for Regional Damage Assessment Using Multi-Station Seismic Parameters: Insights from the 2023 Kahramanmaraş Earthquakes","Ömer Faruk Nemutlu, Salih Taha Alperen Özçelik, Mohamed Freeshah","2025","Buildings","5","5.0","3","random forest; ensemble; voting","False","10.3390/buildings15183326","https://openalex.org/W4414179349","https://doi.org/10.3390/buildings15183326","https://www.mdpi.com/2075-5309/15/18/3326/pdf?version=1757860136","True","Random forest; Machine learning; Ground motion; Artificial intelligence","The twin earthquakes that struck Kahramanmaraş in 2023 (Mw 7.7 and Mw 7.6) caused widespread structural destruction across southeastern Türkiye, underscoring the need for more refined approaches to seismic damage assessment. In this study, a large-scale machine learning (ML) analysis is conducted to identify and classify damage patterns among 304,299 buildings across 11 cities. Ten ML algorithms are implemented, and their performance in the multiclass classification of damage severity is comparatively evaluated (collapsed, urgent demolition, moderately damaged, and severely damaged). Unlike conventional methods that rely on single-station data, the proposed approach integrates ground motion parameters from the six seismic stations closest to each building. These parameters include peak ground acceleration, several distance measures (Joyner–Boore, rupture, and epicentral distances), and site condition indicators such as mean shear wave velocity in the upper 30 m and soil classification, yielding 60 engineered features per building. The analysis reveals that ensemble learning models, particularly the random forest and a voting ensemble, achieve the highest classification accuracies (79.65% and 79.62%, respectively). Moreover, classification performance varies across damage categories: severely damaged structures exhibit the highest F1-score (0.891), whereas collapsed buildings exhibit lower accuracy (F1-score: 0.408). These findings offer practical value for post-earthquake emergency operations. Furthermore, the methodology establishes a precedent for future seismic risk assessments and supports data-driven decision-making."
"19","77.44","Seismic vulnerability of above-ground storage tanks with unanchored support conditions for Na-tech risks based on Gaussian process regression","Hoang Nam Phan, Fabrizio Paolacci, Rocco di Filippo et al.","2020","Bulletin of Earthquake Engineering","43","1.1","1","gaussian process","False","10.1007/s10518-020-00960-7","https://openalex.org/W3092317165","https://doi.org/10.1007/s10518-020-00960-7","https://link.springer.com/content/pdf/10.1007/s10518-020-00960-7.pdf","True","Fragility; Structural engineering; Parametric statistics; Engineering","Abstract This paper aims to investigate the seismic vulnerability of an existing unanchored steel storage tank ideally installed in a refinery in Sicily (Italy), along the lines of performance-based earthquake engineering. Tank performance is estimated by means of component-level fragility curves for specific limit states. The assessment is based on a framework that relies on a three-dimensional finite element (3D FE) model and a low-fidelity demand model based on Gaussian process regression, which allows for cheaper simulations. Moreover, to approximate the system response corresponding to the random variation of both peak ground acceleration and liquid filling level, a second-order design of experiments method is adopted. Hence, a parametric investigation is conducted on a specific existing unanchored steel storage tank. The relevant 3D FE model is validated with an experimental campaign carried out on a shaking table test. Special attention is paid to the base uplift due to significant inelastic deformations that occur at the baseplate close to the welded baseplate-to-wall connection, offering extensive information on both capacity and demand. As a result, the tank performance is estimated by means of component-level fragility curves for the aforementioned limit state which are derived through Monte Carlo simulations. The flexibility of the proposed framework allows fragility curves to be derived considering both deterministic and random filling levels. The comparison of the seismic vulnerability of the tank obtained with probabilistic and deterministic mechanical models demonstrates the conservatism of the latter. The same trend is also exhibited in terms of risk assessment."
"20","76.16","Improvement of Earthquake Risk Awareness and Seismic Literacy of Korean Citizens through Earthquake Vulnerability Map from the 2017 Pohang Earthquake, South Korea","Ju Hyoung Han, Arip Syaripudin Nur, Mutiara Syifa et al.","2021","Remote Sensing","33","1.4","1","logistic regression","False","10.3390/rs13071365","https://openalex.org/W3146205142","https://doi.org/10.3390/rs13071365","https://www.mdpi.com/2072-4292/13/7/1365/pdf?version=1617939651","True","Earthquake casualty estimation; Urban seismic risk; Earthquake scenario; Seismology","Earthquake activities in and around the Korean Peninsula are relatively low in number and intensity compared with neighboring countries such as Japan and China. However, recent seismic activity caused great alarm and concern among citizens and government authorities, and uncovered the level of preparedness toward earthquake disasters. A survey has been conducted on 1256 participants to investigate the seismic literacy of Korean citizens, including seismic knowledge, awareness and management using a questionnaire of citizen earthquake literacy (CEL). The results declared that the citizens had low awareness and literacy, which means that they are not properly prepared for earthquake hazards. To develop an earthquake risk reduction plan and program efficiently and effectively, not only must it appropriately characterize the target audience, but also indicate high potential earthquake zones and potential earthquake damage. Therefore, this study mapped and analyzed the seismic vulnerability in southeast Korea using LogitBoost, logistic model tree (LMT), and logistic regression (LR) machine learning algorithms based on a building damage inventory map. The damaged buildings’ locations were generated after the 2017 Pohang earthquake using the damage proxy map (DPM) method from the Sentinel-1 synthetic aperture radar (SAR) data. DPMs detected coherence loss, which indicates damaged buildings in urban areas in the Pohang earthquake and shows a good correlation with the Korea Meteorological Administration (KMA) report with modified Mercalli intensity (MMI) scale values of more than VII (seven). The damage locations were randomly divided into two datasets: 50% for training the vulnerability models and 50% for validating the models in terms of accuracy and reliability. Fifteen seismic-related factors were used to construct a model of each algorithm. Model validation based on the area under the receiver operating curve (AUC) was used to determine model accuracy. The AUC values of seismic vulnerability maps using the LogitBoost, LMT, and LR algorithms were 0.769, 0.851, and 0.749, respectively. We suggest that earthquake preparedness efforts should focus on reconstruction, retrofitting, renovation, and seismic education in areas with high seismic vulnerability in South Korea. The results of this study are expected to be beneficial for engineers and policymakers aiming at developing disaster risk reduction plans, policies, and programs due to future seismic activity in South Korea."
